<?xml version="1.0" encoding="UTF-8"?>
<appian-component-plugin name="ganttChart" key="com.lowcodeminds.chart.ganttChart">
  <plugin-info>
    <description>Detects text in user supplied images</description>
    <vendor name="Appian" url="http://www.appian.com" />
    <version>1.0</version>
    <support supported="true" email="support@appian.com" url="https://community.appian.com"/>
  </plugin-info>

  <!-- Add a new component with every version you create -->
  <!-- This v1.0.0 component maps to the v1 folder -->
  <component rule-name="ganttChart" key="chart.ganttChart.component" version="1.0.0">
    <supported-user-agents>chrome</supported-user-agents>
    <icon-file>ganttChart.svg</icon-file>
    <parameter>
      <name>tasks</name>
      <category>input-output</category>
    <type multiple="true">Dictionary</type>
  </parameter>
    <html-entry-point>index.html</html-entry-point>
    <sdk-version>2.0.0</sdk-version>
  </component>
</appian-component-plugin>
